addr	hw_mism	hw_corr	hw_mism_after_restore	plan
0020BA19A9	31	882	0	0020BA19A9	364	21	134049	77	9	31	3134	SLICE_X34Y238/SLICEL.A6LUT
0020D2382D	31	882	0	0020D2382D	391	5	134435	65	13	31	3134	SLICE_X38Y232/SLICEM.A6LUT
0020A2394B	30	882	0	0020A2394B	311	24	133667	74	11	30	3134	SLICE_X28Y236/SLICEL.C6LUT
0020BA073E	30	882	0	0020BA073E	333	2	134048	57	30	30	3133	SLICE_X34Y228/SLICEL.B6LUT
00206A0735	30	882	0	00206A0735	394	44	132768	57	21	30	3133	SLICE_X18Y228/SLICEM.B6LUT
0020AA399D	29	883	0	0020AA399D	393	12	133795	76	29	29	3133	SLICE_X30Y237/SLICEL.D6LUT
0020BA2A2D	29	881	0	0020BA2A2D	206	13	134050	81	13	29	3134	SLICE_X34Y240/SLICEL.A6LUT
0020823771	28	883	0	0020823771	367	53	133155	59	17	28	3132	SLICE_X22Y229/SLICEM.B6LUT
00205A250F	27	881	0	00205A250F	169	0	132514	40	15	27	3140	SLICE_X14Y220/SLICEM.A6LUT
00206A360B	27	881	0	00206A360B	125	17	132771	48	11	27	3140	SLICE_X18Y224/SLICEM.A6LUT
002079A6CB	26	883	0	002079A6CB	342	16	133018	54	11	26	3135	SLICE_X21Y226/SLICEL.C6LUT
0020621700	25	881	0	0020621700	72	63	132641	56	0	25	3141	SLICE_X16Y227/SLICEM.C6LUT
00206209B9	1	881	0	00206209B9	709	28	132640	77	25	1	3133	SLICE_X16Y238/SLICEM.B6LUT
002099D4C9	1	881	0	002099D4C9	447	28	133533	38	9	1	3133	SLICE_X27Y219/SLICEL.A6LUT
002081A6CF	2	880	0	002081A6CF	934	0	133146	54	15	2	3134	SLICE_X23Y226/SLICEL.C6LUT
0020AA089D	1	881	0	0020AA089D	400	4	133792	68	29	1	3132	SLICE_X30Y233/SLICEL.D6LUT
002069B5CB	1	882	0	002069B5CB	109	17	132763	46	11	1	3132	SLICE_X19Y223/SLICEL.A6LUT
00206A1722	5	881	0	00206A1722	27	59	132769	57	2	5	3134	SLICE_X18Y228/SLICEM.A6LUT
002061B7FB	0	881	0	002061B7FB	648	17	132635	63	27	0	3133	SLICE_X17Y231/SLICEL.B6LUT
0020BA083C	0	881	0	0020BA083C	279	6	134048	65	28	0	3133	SLICE_X34Y232/SLICEL.B6LUT
00208207C5	0	881	0	00208207C5	831	44	133152	62	5	0	3133	SLICE_X22Y230/SLICEM.C6LUT
0020CA2586	0	881	0	0020CA2586	415	43	134306	44	6	0	3133	SLICE_X36Y222/SLICEL.A6LUT
0020B22528	0	881	0	0020B22528	429	31	133922	41	8	0	3133	SLICE_X32Y220/SLICEL.C6LUT
0020AA1871	0	881	0	0020AA1871	262	53	133793	67	17	0	3133	SLICE_X30Y233/SLICEL.B6LUT
