740	45	13	0.0	0	3133	0
740	45	13	10.0	0	3133	0
740	45	13	30.0	0	3133	0
740	45	13	60.0	0	3133	0
539	58	2	0.0	0	3133	0
539	58	2	10.0	0	3133	0
539	58	2	30.0	0	3133	0
539	58	2	60.0	0	3133	0
437	33	1	0.0	8	3133	0
437	33	1	10.0	8	3133	0
437	33	1	30.0	8	3133	0
437	33	1	60.0	8	3133	0
404	52	9	0.0	1	3134	1
404	52	9	10.0	1	3134	1
404	52	9	30.0	1	3134	1
404	52	9	60.0	1	3134	1
741	44	13	0.0	0	3133	0
741	44	13	10.0	0	3133	0
741	44	13	30.0	0	3133	0
741	44	13	60.0	0	3133	0
367	38	13	0.0	2	3133	2
367	38	13	10.0	2	3133	2
367	38	13	30.0	2	3133	2
367	38	13	60.0	2	3133	2
476	63	4	0.0	1	3132	1
476	63	4	10.0	1	3132	1
476	63	4	30.0	1	3132	1
476	63	4	60.0	1	3132	1
469	60	2	0.0	0	3133	0
469	60	2	10.0	0	3133	0
469	60	2	30.0	0	3133	0
469	60	2	60.0	0	3133	0
540	57	18	0.0	0	3133	0
540	57	18	10.0	0	3133	0
540	57	18	30.0	0	3133	0
540	57	18	60.0	0	3133	0
475	27	19	0.0	1	3134	1
475	27	19	10.0	1	3134	1
475	27	19	30.0	1	3134	1
475	27	19	60.0	1	3134	1
539	54	30	0.0	0	3133	0
539	54	30	10.0	0	3133	0
539	54	30	30.0	0	3133	0
539	54	30	60.0	0	3133	0
267	32	21	0.0	1	3134	1
267	32	21	10.0	1	3134	1
267	32	21	30.0	1	3134	1
267	32	21	60.0	1	3134	1
748	32	25	0.0	1	3134	1
748	32	25	10.0	1	3134	1
748	32	25	30.0	1	3134	1
748	32	25	60.0	1	3134	1
475	60	28	0.0	0	3133	0
475	60	28	10.0	0	3133	0
475	60	28	30.0	0	3133	0
475	60	28	60.0	0	3133	0
535	66	23	0.0	4	3135	4
535	66	23	10.0	4	3135	4
535	66	23	30.0	4	3135	4
535	66	23	60.0	4	3135	4
778	55	3	0.0	0	3133	0
778	55	3	10.0	0	3133	0
778	55	3	30.0	0	3133	0
778	55	3	60.0	0	3133	0
402	43	1	0.0	0	3133	0
402	43	1	10.0	0	3133	0
402	43	1	30.0	0	3133	0
402	43	1	60.0	0	3133	0
742	46	5	0.0	0	3133	0
742	46	5	10.0	0	3133	0
742	46	5	30.0	0	3133	0
742	46	5	60.0	0	3133	0
820	56	9	0.0	17	3138	17
820	56	9	10.0	17	3138	17
820	56	9	30.0	17	3138	17
820	56	9	60.0	17	3138	17
476	56	17	0.0	0	3133	0
476	56	17	10.0	0	3133	0
476	56	17	30.0	0	3133	0
476	56	17	60.0	0	3133	0
740	35	25	0.0	17	3136	17
740	35	25	10.0	17	3136	17
740	35	25	30.0	17	3136	17
740	35	25	60.0	17	3136	17
883	49	9	0.0	0	3133	0
883	49	9	10.0	0	3133	0
883	49	9	30.0	0	3133	0
883	49	9	60.0	0	3133	0
574	26	25	0.0	2	3133	2
574	26	25	10.0	7	3136	2
574	26	25	30.0	7	3136	2
574	26	25	60.0	7	3136	2
534	59	27	0.0	0	3133	3
534	59	27	10.0	0	3133	3
534	59	27	30.0	0	3133	3
534	59	27	60.0	0	3133	3
435	28	27	0.0	2	3133	2
435	28	27	10.0	2	3133	2
435	28	27	30.0	2	3133	2
435	28	27	60.0	2	3133	2
539	38	3	0.0	0	3133	0
539	38	3	10.0	0	3133	0
539	38	3	30.0	0	3133	0
539	38	3	60.0	0	3133	0
743	58	24	0.0	0	3133	0
743	58	24	10.0	0	3133	0
743	58	24	30.0	0	3133	0
743	58	24	60.0	0	3133	0
366	46	11	0.0	9	3134	9
366	46	11	10.0	9	3134	9
366	46	11	30.0	9	3134	9
366	46	11	60.0	9	3134	9
668	43	27	0.0	6	3135	6
668	43	27	10.0	6	3135	6
668	43	27	30.0	6	3135	6
668	43	27	60.0	6	3135	6
876	48	17	0.0	4	3131	4
876	48	17	10.0	14	3139	4
876	48	17	30.0	14	3139	4
876	48	17	60.0	14	3139	4
