818	44	28	0.0	0	3133	0
818	44	28	0.1	1	3134	0
818	44	28	1.0	1	3134	0
818	44	28	10.0	1	3134	0
471	31	0	0.0	1	3134	1
471	31	0	0.1	1	3134	1
471	31	0	1.0	1	3134	1
471	31	0	10.0	1	3134	1
749	45	4	0.0	5	3133	5
749	45	4	0.1	5	3133	5
749	45	4	1.0	5	3133	5
749	45	4	10.0	5	3133	5
439	60	11	0.0	3	3133	3
439	60	11	0.1	3	3133	3
439	60	11	1.0	3	3133	3
439	60	11	10.0	3	3133	3
711	49	2	0.0	0	3133	0
711	49	2	0.1	0	3133	0
711	49	2	1.0	0	3133	0
711	49	2	10.0	0	3133	0
704	33	9	0.0	1	3134	1
704	33	9	0.1	1	3134	1
704	33	9	1.0	1	3134	1
704	33	9	10.0	1	3134	1
748	45	26	0.0	0	3133	0
748	45	26	0.1	0	3133	0
748	45	26	1.0	0	3133	0
748	45	26	10.0	0	3133	0
780	29	4	0.0	9	3133	2
780	29	4	0.1	9	3133	2
780	29	4	1.0	9	3133	2
780	29	4	10.0	9	3133	2
533	57	18	0.0	0	3133	0
533	57	18	0.1	0	3133	0
533	57	18	1.0	0	3133	0
533	57	18	10.0	0	3133	0
402	36	13	0.0	0	3133	0
402	36	13	0.1	0	3133	0
402	36	13	1.0	0	3133	0
402	36	13	10.0	0	3133	0
439	38	22	0.0	2	3132	2
439	38	22	0.1	2	3132	2
439	38	22	1.0	2	3132	2
439	38	22	10.0	2	3132	2
742	47	27	0.0	1	3134	1
742	47	27	0.1	5	3135	1
742	47	27	1.0	5	3135	1
742	47	27	10.0	5	3135	1
572	33	4	0.0	6	3130	22
572	33	4	0.1	6	3130	22
572	33	4	1.0	6	3130	22
572	33	4	10.0	6	3130	22
743	48	23	0.0	1	3134	1
743	48	23	0.1	1	3134	1
743	48	23	1.0	1	3134	1
743	48	23	10.0	1	3134	1
470	32	20	0.0	0	3133	0
470	32	20	0.1	0	3133	0
470	32	20	1.0	0	3133	0
470	32	20	10.0	0	3133	0
398	46	16	0.0	2	3134	2
398	46	16	0.1	2	3134	2
398	46	16	1.0	2	3134	2
398	46	16	10.0	2	3134	2
784	47	12	0.0	0	3133	0
784	47	12	0.1	1	3134	0
784	47	12	1.0	1	3134	0
784	47	12	10.0	1	3134	0
713	24	26	0.0	1	3134	1
713	24	26	0.1	1	3134	1
713	24	26	1.0	1	3134	1
713	24	26	10.0	1	3134	1
476	59	6	0.0	2	3134	2
476	59	6	0.1	2	3134	2
476	59	6	1.0	2	3134	2
476	59	6	10.0	2	3134	2
262	35	8	0.0	0	3133	0
262	35	8	0.1	0	3133	0
262	35	8	1.0	0	3133	0
262	35	8	10.0	0	3133	0
713	37	5	0.0	2	3133	2
713	37	5	0.1	2	3133	2
713	37	5	1.0	2	3133	2
713	37	5	10.0	2	3133	2
539	30	11	0.0	4	3132	4
539	30	11	0.1	4	3132	4
539	30	11	1.0	4	3132	4
539	30	11	10.0	4	3132	4
673	22	19	0.0	0	3133	0
673	22	19	0.1	0	3133	0
673	22	19	1.0	0	3133	0
673	22	19	10.0	0	3133	0
362	33	18	0.0	2	3132	1
362	33	18	0.1	2	3132	1
362	33	18	1.0	2	3132	1
362	33	18	10.0	2	3132	1
440	61	3	0.0	3	3134	3
440	61	3	0.1	3	3134	3
440	61	3	1.0	3	3134	3
440	61	3	10.0	3	3134	3
472	36	20	0.0	1	3134	1
472	36	20	0.1	1	3134	1
472	36	20	1.0	1	3134	1
472	36	20	10.0	1	3134	1
668	59	26	0.0	5	3136	5
668	59	26	0.1	5	3136	5
668	59	26	1.0	5	3136	5
668	59	26	10.0	5	3136	5
404	36	2	0.0	1	3133	1
404	36	2	0.1	1	3133	1
404	36	2	1.0	1	3133	1
404	36	2	10.0	1	3133	1
576	53	4	0.0	5	3130	5
576	53	4	0.1	5	3130	5
576	53	4	1.0	5	3130	5
576	53	4	10.0	5	3130	5
883	49	4	0.0	4	3132	4
883	49	4	0.1	4	3132	4
883	49	4	1.0	4	3132	4
883	49	4	10.0	4	3132	4
713	23	25	0.0	0	3133	0
713	23	25	0.1	0	3133	0
713	23	25	1.0	0	3133	0
713	23	25	10.0	0	3133	0
541	57	2	0.0	0	3133	0
541	57	2	0.1	0	3133	0
541	57	2	1.0	0	3133	0
541	57	2	10.0	0	3133	0
262	33	11	0.0	0	3133	0
262	33	11	0.1	0	3133	0
262	33	11	1.0	0	3133	0
262	33	11	10.0	0	3133	0
535	62	19	0.0	1	3133	1
535	62	19	0.1	1	3133	1
535	62	19	1.0	1	3133	1
535	62	19	10.0	1	3133	1
882	51	26	0.0	0	3133	0
882	51	26	0.1	0	3133	0
882	51	26	1.0	0	3133	0
882	51	26	10.0	0	3133	0
437	58	25	0.0	10	3130	10
437	58	25	0.1	10	3130	10
437	58	25	1.0	10	3130	10
437	58	25	10.0	10	3130	10
882	51	25	0.0	0	3133	0
882	51	25	0.1	0	3133	0
882	51	25	1.0	0	3133	0
882	51	25	10.0	0	3133	0
433	55	17	0.0	8	3134	8
433	55	17	0.1	8	3134	8
433	55	17	1.0	8	3134	8
433	55	17	10.0	8	3134	8
570	57	31	0.0	0	3133	0
570	57	31	0.1	0	3133	0
570	57	31	1.0	0	3133	0
570	57	31	10.0	0	3133	0
363	28	0	0.0	0	3133	0
363	28	0	0.1	4	3132	0
363	28	0	1.0	4	3132	0
363	28	0	10.0	4	3132	0
776	55	18	0.0	1	3134	1
776	55	18	0.1	1	3134	1
776	55	18	1.0	1	3134	1
776	55	18	10.0	1	3134	1
405	37	18	0.0	0	3133	0
405	37	18	0.1	0	3133	0
405	37	18	1.0	0	3133	0
405	37	18	10.0	0	3133	0
670	42	26	0.0	2	3133	2
670	42	26	0.1	2	3133	2
670	42	26	1.0	2	3133	2
670	42	26	10.0	2	3133	2
816	53	22	0.0	0	3133	0
816	53	22	0.1	0	3133	0
816	53	22	1.0	0	3133	0
816	53	22	10.0	0	3133	0
367	52	29	0.0	2	3135	2
367	52	29	0.1	2	3135	2
367	52	29	1.0	2	3135	2
367	52	29	10.0	2	3135	2
402	52	11	0.0	3	3134	3
402	52	11	0.1	3	3134	3
402	52	11	1.0	3	3134	3
402	52	11	10.0	3	3134	3
438	26	9	0.0	2	3135	2
438	26	9	0.1	2	3135	2
438	26	9	1.0	2	3135	2
438	26	9	10.0	2	3135	2
399	49	28	0.0	0	3133	1
399	49	28	0.1	0	3133	1
399	49	28	1.0	0	3133	1
399	49	28	10.0	0	3133	1
470	16	11	0.0	9	3134	0
470	16	11	0.1	9	3134	0
470	16	11	1.0	9	3134	0
470	16	11	10.0	9	3134	0
640	53	4	0.0	2	3133	2
640	53	4	0.1	2	3133	2
640	53	4	1.0	2	3133	2
640	53	4	10.0	2	3133	2
746	44	9	0.0	0	3133	0
746	44	9	0.1	0	3133	0
746	44	9	1.0	0	3133	0
746	44	9	10.0	0	3133	0
576	30	19	0.0	0	3133	0
576	30	19	0.1	0	3133	0
576	30	19	1.0	0	3133	0
576	30	19	10.0	0	3133	0
304	55	17	0.0	6	3135	6
304	55	17	0.1	6	3135	6
304	55	17	1.0	6	3135	6
304	55	17	10.0	6	3135	6
577	54	5	0.0	4	3135	4
577	54	5	0.1	4	3135	4
577	54	5	1.0	4	3135	4
577	54	5	10.0	4	3135	4
432	26	19	0.0	1	3134	1
432	26	19	0.1	1	3134	1
432	26	19	1.0	1	3134	1
432	26	19	10.0	1	3134	1
704	29	25	0.0	0	3133	0
704	29	25	0.1	0	3133	0
704	29	25	1.0	0	3133	0
704	29	25	10.0	0	3133	0
404	28	28	0.0	1	3134	1
404	28	28	0.1	1	3134	1
404	28	28	1.0	1	3134	1
404	28	28	10.0	1	3134	1
535	58	8	0.0	16	3132	16
535	58	8	0.1	16	3132	16
535	58	8	1.0	16	3132	16
535	58	8	10.0	16	3132	16
633	33	12	0.0	1	3134	1
633	33	12	0.1	1	3134	1
633	33	12	1.0	1	3134	1
633	33	12	10.0	1	3134	1
470	61	24	0.0	2	3132	2
470	61	24	0.1	2	3132	2
470	61	24	1.0	2	3132	2
470	61	24	10.0	2	3132	2
402	59	25	0.0	11	3132	11
402	59	25	0.1	11	3132	11
402	59	25	1.0	11	3132	11
402	59	25	10.0	11	3132	11
749	32	12	0.0	2	3131	2
749	32	12	0.1	2	3131	2
749	32	12	1.0	2	3131	2
749	32	12	10.0	2	3131	2
538	61	9	0.0	0	3133	0
538	61	9	0.1	0	3133	0
538	61	9	1.0	0	3133	0
538	61	9	10.0	0	3133	0
743	28	3	0.0	3	3135	3
743	28	3	0.1	3	3135	3
743	28	3	1.0	3	3135	3
743	28	3	10.0	3	3135	3
540	45	4	0.0	0	3133	0
540	45	4	0.1	0	3133	0
540	45	4	1.0	0	3133	0
540	45	4	10.0	0	3133	0
746	51	10	0.0	13	3137	13
746	51	10	0.1	13	3137	13
746	51	10	1.0	13	3137	13
746	51	10	10.0	13	3137	13
574	57	9	0.0	2	3133	2
574	57	9	0.1	2	3133	2
574	57	9	1.0	2	3133	2
574	57	9	10.0	2	3133	2
576	41	25	0.0	4	3135	4
576	41	25	0.1	2	3134	4
576	41	25	1.0	2	3134	4
576	41	25	10.0	2	3134	4
438	43	17	0.0	0	3133	0
438	43	17	0.1	0	3133	0
438	43	17	1.0	0	3133	0
438	43	17	10.0	0	3133	0
574	56	6	0.0	0	3133	0
574	56	6	0.1	0	3133	0
574	56	6	1.0	0	3133	0
574	56	6	10.0	0	3133	0
820	54	10	0.0	0	3133	0
820	54	10	0.1	0	3133	0
820	54	10	1.0	0	3133	0
820	54	10	10.0	0	3133	0
435	48	18	0.0	0	3133	0
435	48	18	0.1	0	3133	0
435	48	18	1.0	0	3133	0
435	48	18	10.0	0	3133	0
438	38	18	0.0	1	3134	1
438	38	18	0.1	5	3134	1
438	38	18	1.0	5	3134	1
438	38	18	10.0	5	3134	1
368	29	28	0.0	1	3134	1
368	29	28	0.1	1	3134	1
368	29	28	1.0	1	3134	1
368	29	28	10.0	1	3134	1
671	55	12	0.0	0	3133	0
671	55	12	0.1	0	3133	0
671	55	12	1.0	0	3133	0
671	55	12	10.0	0	3133	0
539	60	4	0.0	1	3132	1
539	60	4	0.1	1	3132	1
539	60	4	1.0	1	3132	1
539	60	4	10.0	1	3132	1
746	35	19	0.0	3	3136	3
746	35	19	0.1	3	3136	3
746	35	19	1.0	3	3136	3
746	35	19	10.0	3	3136	3
748	49	29	0.0	7	3134	7
748	49	29	0.1	7	3134	7
748	49	29	1.0	7	3134	7
748	49	29	10.0	7	3134	7
534	31	0	0.0	4	3132	4
534	31	0	0.1	4	3132	4
534	31	0	1.0	4	3132	4
534	31	0	10.0	4	3132	4
540	65	22	0.0	0	3133	0
540	65	22	0.1	0	3133	0
540	65	22	1.0	0	3133	0
540	65	22	10.0	0	3133	0
398	32	18	0.0	1	3134	1
398	32	18	0.1	1	3134	1
398	32	18	1.0	1	3134	1
398	32	18	10.0	1	3134	1
569	34	11	0.0	1	3134	1
569	34	11	0.1	1	3134	1
569	34	11	1.0	1	3134	1
569	34	11	10.0	1	3134	1
748	33	22	0.0	0	3133	0
748	33	22	0.1	0	3133	0
748	33	22	1.0	0	3133	0
748	33	22	10.0	0	3133	0
709	54	1	0.0	1	3134	1
709	54	1	0.1	1	3134	1
709	54	1	1.0	1	3134	1
709	54	1	10.0	1	3134	1
712	26	27	0.0	3	3134	3
712	26	27	0.1	3	3134	3
712	26	27	1.0	3	3134	3
712	26	27	10.0	3	3134	3
573	20	17	0.0	11	3131	11
573	20	17	0.1	12	3134	11
573	20	17	1.0	12	3134	11
573	20	17	10.0	12	3134	11
575	31	12	0.0	1	3132	1
575	31	12	0.1	1	3132	1
575	31	12	1.0	1	3132	1
575	31	12	10.0	1	3132	1
712	29	28	0.0	0	3133	0
712	29	28	0.1	0	3133	0
712	29	28	1.0	0	3133	0
712	29	28	10.0	0	3133	0
401	36	2	0.0	1	3133	1
401	36	2	0.1	1	3133	1
401	36	2	1.0	1	3133	1
401	36	2	10.0	1	3133	1
539	59	17	0.0	4	3134	4
539	59	17	0.1	0	3133	4
539	59	17	1.0	0	3133	4
539	59	17	10.0	0	3133	4
740	45	22	0.0	0	3133	0
740	45	22	0.1	0	3133	0
740	45	22	1.0	0	3133	0
740	45	22	10.0	0	3133	0
533	63	5	0.0	0	3133	0
533	63	5	0.1	0	3133	0
533	63	5	1.0	0	3133	0
533	63	5	10.0	0	3133	0
676	21	28	0.0	1	3134	1
676	21	28	0.1	1	3134	1
676	21	28	1.0	1	3134	1
676	21	28	10.0	1	3134	1
782	46	11	0.0	0	3133	0
782	46	11	0.1	0	3133	0
782	46	11	1.0	0	3133	0
782	46	11	10.0	0	3133	0
367	26	10	0.0	1	3134	1
367	26	10	0.1	1	3134	1
367	26	10	1.0	1	3134	1
367	26	10	10.0	1	3134	1
713	54	1	0.0	1	3134	1
713	54	1	0.1	1	3134	1
713	54	1	1.0	1	3134	1
713	54	1	10.0	1	3134	1
712	43	1	0.0	2	3133	2
712	43	1	0.1	2	3133	2
712	43	1	1.0	2	3133	2
712	43	1	10.0	2	3133	2
747	28	2	0.0	3	3135	3
747	28	2	0.1	3	3135	3
747	28	2	1.0	3	3135	3
747	28	2	10.0	3	3135	3
743	28	16	0.0	1	3132	1
743	28	16	0.1	1	3132	1
743	28	16	1.0	1	3132	1
743	28	16	10.0	1	3132	1
403	16	9	0.0	0	3133	0
403	16	9	0.1	0	3133	0
403	16	9	1.0	0	3133	0
403	16	9	10.0	0	3133	0
638	53	17	0.0	2	3133	2
638	53	17	0.1	2	3133	2
638	53	17	1.0	2	3133	2
638	53	17	10.0	2	3133	2
474	30	11	0.0	1	3134	1
474	30	11	0.1	1	3134	1
474	30	11	1.0	1	3134	1
474	30	11	10.0	1	3134	1
368	39	3	0.0	2	3133	2
368	39	3	0.1	2	3133	2
368	39	3	1.0	2	3133	2
368	39	3	10.0	2	3133	2
675	42	17	0.0	0	3133	0
675	42	17	0.1	0	3133	0
675	42	17	1.0	0	3133	0
675	42	17	10.0	0	3133	0
471	58	26	0.0	0	3133	0
471	58	26	0.1	0	3133	0
471	58	26	1.0	0	3133	0
471	58	26	10.0	0	3133	0
779	47	31	0.0	0	3133	0
779	47	31	0.1	0	3133	0
779	47	31	1.0	0	3133	0
779	47	31	10.0	0	3133	0
477	31	1	0.0	1	3134	1
477	31	1	0.1	1	3134	1
477	31	1	1.0	1	3134	1
477	31	1	10.0	1	3134	1
432	59	1	0.0	0	3133	0
432	59	1	0.1	0	3133	0
432	59	1	1.0	0	3133	0
432	59	1	10.0	0	3133	0
670	23	27	0.0	0	3133	0
670	23	27	0.1	0	3133	0
670	23	27	1.0	0	3133	0
670	23	27	10.0	0	3133	0
568	28	19	0.0	11	3139	14
568	28	19	0.1	11	3139	14
568	28	19	1.0	11	3139	14
568	28	19	10.0	11	3139	14
477	47	12	0.0	0	3133	0
477	47	12	0.1	0	3133	0
477	47	12	1.0	0	3133	0
477	47	12	10.0	0	3133	0
710	51	5	0.0	0	3133	0
710	51	5	0.1	0	3133	0
710	51	5	1.0	0	3133	0
710	51	5	10.0	0	3133	0
704	27	18	0.0	4	3133	11
704	27	18	0.1	4	3133	11
704	27	18	1.0	4	3133	11
704	27	18	10.0	4	3133	11
434	38	24	0.0	0	3133	0
434	38	24	0.1	0	3133	0
434	38	24	1.0	0	3133	0
434	38	24	10.0	0	3133	0
477	58	25	0.0	0	3133	0
477	58	25	0.1	0	3133	0
477	58	25	1.0	0	3133	0
477	58	25	10.0	0	3133	0
363	38	20	0.0	2	3133	2
363	38	20	0.1	2	3133	2
363	38	20	1.0	2	3133	2
363	38	20	10.0	2	3133	2
541	67	11	0.0	8	3131	8
541	67	11	0.1	8	3131	8
541	67	11	1.0	8	3131	8
541	67	11	10.0	8	3131	8
746	48	3	0.0	0	3133	0
746	48	3	0.1	0	3133	0
746	48	3	1.0	0	3133	0
746	48	3	10.0	0	3133	0
532	34	29	0.0	0	3133	0
532	34	29	0.1	0	3133	0
532	34	29	1.0	0	3133	0
532	34	29	10.0	0	3133	0
705	58	26	0.0	4	3134	0
705	58	26	0.1	4	3134	0
705	58	26	1.0	4	3134	0
705	58	26	10.0	4	3134	0
538	58	9	0.0	16	3132	16
538	58	9	0.1	16	3132	16
538	58	9	1.0	16	3132	16
538	58	9	10.0	16	3132	16
532	66	13	0.0	2	3134	2
532	66	13	0.1	2	3134	2
532	66	13	1.0	2	3134	2
532	66	13	10.0	2	3134	2
439	54	5	0.0	1	3134	1
439	54	5	0.1	1	3134	1
439	54	5	1.0	1	3134	1
439	54	5	10.0	1	3134	1
669	49	28	0.0	2	3135	2
669	49	28	0.1	2	3135	2
669	49	28	1.0	2	3135	2
669	49	28	10.0	2	3135	2
536	58	22	0.0	2	3134	2
536	58	22	0.1	2	3134	2
536	58	22	1.0	2	3134	2
536	58	22	10.0	2	3134	2
668	42	20	0.0	2	3133	2
668	42	20	0.1	2	3133	2
668	42	20	1.0	2	3133	2
668	42	20	10.0	2	3133	2
883	51	17	0.0	0	3133	0
883	51	17	0.1	0	3133	0
883	51	17	1.0	0	3133	0
883	51	17	10.0	0	3133	0
541	45	19	0.0	0	3133	0
541	45	19	0.1	0	3133	0
541	45	19	1.0	0	3133	0
541	45	19	10.0	0	3133	0
469	22	26	0.0	1	3133	2
469	22	26	0.1	1	3133	2
469	22	26	1.0	1	3133	2
469	22	26	10.0	1	3133	2
477	16	10	0.0	0	3133	0
477	16	10	0.1	0	3133	0
477	16	10	1.0	0	3133	0
477	16	10	10.0	0	3133	0
535	68	29	0.0	0	3133	0
535	68	29	0.1	0	3133	0
535	68	29	1.0	0	3133	0
535	68	29	10.0	0	3133	0
748	45	1	0.0	1	3133	1
748	45	1	0.1	2	3133	1
748	45	1	1.0	2	3133	1
748	45	1	10.0	2	3133	1
777	55	25	0.0	1	3134	1
777	55	25	0.1	1	3134	1
777	55	25	1.0	1	3134	1
777	55	25	10.0	1	3134	1
749	25	17	0.0	1	3134	1
749	25	17	0.1	1	3134	1
749	25	17	1.0	1	3134	1
749	25	17	10.0	1	3134	1
434	54	26	0.0	1	3132	1
434	54	26	0.1	0	3133	1
434	54	26	1.0	0	3133	1
434	54	26	10.0	0	3133	1
438	61	1	0.0	0	3133	0
438	61	1	0.1	0	3133	0
438	61	1	1.0	0	3133	0
438	61	1	10.0	0	3133	0
740	54	11	0.0	0	3133	0
740	54	11	0.1	0	3133	0
740	54	11	1.0	0	3133	0
740	54	11	10.0	0	3133	0
575	60	10	0.0	0	3133	0
575	60	10	0.1	0	3133	0
575	60	10	1.0	0	3133	0
575	60	10	10.0	0	3133	0
538	65	26	0.0	2	3135	2
538	65	26	0.1	2	3135	2
538	65	26	1.0	2	3135	2
538	65	26	10.0	2	3135	2
471	51	24	0.0	0	3133	0
471	51	24	0.1	0	3133	0
471	51	24	1.0	0	3133	0
471	51	24	10.0	0	3133	0
743	31	11	0.0	1	3134	1
743	31	11	0.1	1	3134	1
743	31	11	1.0	1	3134	1
743	31	11	10.0	1	3134	1
780	53	2	0.0	1	3132	1
780	53	2	0.1	1	3132	1
780	53	2	1.0	1	3132	1
780	53	2	10.0	1	3132	1
677	29	12	0.0	1	3134	1
677	29	12	0.1	1	3134	1
677	29	12	1.0	1	3134	1
677	29	12	10.0	1	3134	1
576	56	2	0.0	0	3133	0
576	56	2	0.1	0	3133	0
576	56	2	1.0	0	3133	0
576	56	2	10.0	0	3133	0
704	29	4	0.0	4	3135	4
704	29	4	0.1	4	3135	4
704	29	4	1.0	4	3135	4
704	29	4	10.0	4	3135	4
440	29	4	0.0	1	3134	1
440	29	4	0.1	0	3133	1
440	29	4	1.0	0	3133	1
440	29	4	10.0	0	3133	1
470	24	4	0.0	0	3133	0
470	24	4	0.1	0	3133	0
470	24	4	1.0	0	3133	0
470	24	4	10.0	0	3133	0
369	30	19	0.0	2	3133	2
369	30	19	0.1	2	3133	2
369	30	19	1.0	2	3133	2
369	30	19	10.0	2	3133	2
671	42	15	0.0	4	3136	4
671	42	15	0.1	4	3136	4
671	42	15	1.0	4	3136	4
671	42	15	10.0	4	3136	4
778	56	27	0.0	0	3133	0
778	56	27	0.1	0	3133	0
778	56	27	1.0	0	3133	0
778	56	27	10.0	0	3133	0
