568	28	28	0.0	27	3140	27
568	28	28	1.0	27	3140	27
568	28	28	2.0	27	3140	27
568	28	28	5.0	27	3140	27
568	28	28	10.0	27	3140	27
568	28	28	20.0	27	3140	27
568	28	28	30.0	27	3140	27
568	28	28	60.0	27	3140	27
570	45	0	0.0	23	3137	23
570	45	0	1.0	23	3137	23
570	45	0	2.0	23	3137	23
570	45	0	5.0	23	3137	23
570	45	0	10.0	23	3137	23
570	45	0	20.0	23	3137	23
570	45	0	30.0	23	3137	23
570	45	0	60.0	23	3137	23
877	53	17	0.0	21	3133	21
877	53	17	1.0	21	3133	21
877	53	17	2.0	21	3133	21
877	53	17	5.0	21	3133	21
877	53	17	10.0	21	3133	21
877	53	17	20.0	21	3133	21
877	53	17	30.0	21	3133	21
877	53	17	60.0	21	3133	21
711	32	30	0.0	21	3136	21
711	32	30	1.0	21	3136	21
711	32	30	2.0	21	3136	21
711	32	30	5.0	21	3136	21
711	32	30	10.0	21	3136	21
711	32	30	20.0	21	3136	21
711	32	30	30.0	21	3136	21
711	32	30	60.0	21	3136	21
816	43	4	0.0	23	3136	23
816	43	4	1.0	23	3136	23
816	43	4	2.0	23	3136	23
816	43	4	5.0	23	3136	23
816	43	4	10.0	23	3136	23
816	43	4	20.0	23	3136	23
816	43	4	30.0	23	3136	23
816	43	4	60.0	23	3136	23
671	24	4	0.0	20	3138	20
671	24	4	1.0	20	3138	20
671	24	4	2.0	20	3138	20
671	24	4	5.0	20	3138	20
671	24	4	10.0	20	3138	20
671	24	4	20.0	20	3138	20
671	24	4	30.0	20	3138	20
671	24	4	60.0	20	3138	20
673	46	5	0.0	23	3137	23
673	46	5	1.0	23	3137	23
673	46	5	2.0	23	3137	23
673	46	5	5.0	23	3137	23
673	46	5	10.0	23	3137	23
673	46	5	20.0	23	3137	23
673	46	5	30.0	23	3137	23
673	46	5	60.0	23	3137	23
673	42	25	0.0	21	3134	21
673	42	25	1.0	21	3134	21
673	42	25	2.0	21	3134	21
673	42	25	5.0	21	3134	21
673	42	25	10.0	21	3134	21
673	42	25	20.0	21	3134	21
673	42	25	30.0	21	3134	21
673	42	25	60.0	21	3134	21
