696	98	8	0.0	3416	834	2059
696	98	8	0.1	3416	834	2059
696	98	8	1.0	3416	834	2059
280	31	14	0.0	3416	652	1791
280	31	14	0.1	3416	652	1791
280	31	14	1.0	3416	652	1791
391	90	6	0.0	1985	1942	730
391	90	6	0.1	1985	1942	730
391	90	6	1.0	1985	1942	730
841	97	29	0.0	1843	2156	857
841	97	29	0.1	1843	2156	857
841	97	29	1.0	1843	2156	857
914	72	20	0.0	1571	2254	685
914	72	20	0.1	1571	2254	685
914	72	20	1.0	1571	2254	685
771	47	4	0.0	2244	1763	586
771	47	4	0.1	2244	1763	586
771	47	4	1.0	2244	1763	586
653	52	19	0.0	467	2846	1012
653	52	19	0.1	476	2836	1012
653	52	19	1.0	482	2833	1012
689	98	19	0.0	2463	1500	2962
689	98	19	0.1	2460	1500	2962
689	98	19	1.0	2461	1502	2962
718	98	0	0.0	2465	1497	2962
718	98	0	0.1	2465	1497	2962
718	98	0	1.0	2465	1497	2962
659	98	20	0.0	3416	834	953
659	98	20	0.1	3416	834	953
659	98	20	1.0	3416	834	953
475	94	28	0.0	41	3096	493
475	94	28	0.1	41	3096	493
475	94	28	1.0	41	3096	493
941	51	3	0.0	134	3061	579
941	51	3	0.1	134	3061	579
941	51	3	1.0	134	3061	579
939	68	16	0.0	1052	2525	453
939	68	16	0.1	1052	2525	453
939	68	16	1.0	1052	2525	453
688	54	20	0.0	464	2843	886
688	54	20	0.1	464	2843	886
688	54	20	1.0	464	2843	886
463	93	11	0.0	1197	2699	429
463	93	11	0.1	1197	2699	429
463	93	11	1.0	1197	2699	429
907	56	29	0.0	1844	1874	500
907	56	29	0.1	1844	1874	500
907	56	29	1.0	1844	1874	500
