139	30	16	0	3133	0	0	CLBLM_R.SLICEM_X0.ALUT.RAM
139	48	16	0	3133	0	0	CLBLM_R.SLICEM_X0.ALUT.RAM
139	64	14	0	3133	0	0	CLBLM_R.SLICEM_X0.CLUT.RAM
180	28	24	0	3133	0	0	CLBLM_R.SLICEM_X0.BLUT.SMALL
180	40	28	0	3133	0	0	CLBLM_R.SLICEM_X0.CLUT.SMALL
180	42	28	0	3133	0	0	CLBLM_R.SLICEM_X0.CLUT.SMALL
180	44	28	0	3133	0	0	CLBLM_R.SLICEM_X0.CLUT.SMALL
180	57	24	0	3133	0	0	CLBLM_R.SLICEM_X0.BLUT.SMALL
180	59	24	0	3133	0	0	CLBLM_R.SLICEM_X0.BLUT.SMALL
180	65	4	0	3133	0	0	CLBLM_R.SLICEM_X0.ALUT.SMALL
181	35	27	0	3133	0	0	CLBLM_R.SLICEM_X0.DLUT.SMALL
181	45	27	0	3133	0	0	CLBLM_R.SLICEM_X0.DLUT.SMALL
181	48	23	0	3133	0	0	CLBLM_R.SLICEM_X0.WEMUX.CE
181	53	23	0	3133	0	0	CLBLM_R.SLICEM_X0.WEMUX.CE
210	28	16	11	3133	11	1	CLBLM_R.SLICEM_X0.ALUT.SRL
210	51	16	11	3134	11	1	CLBLM_R.SLICEM_X0.ALUT.SRL
210	55	17	24	3130	24	1	CLBLM_R.SLICEM_X0.BLUT.SRL
210	59	16	3	3135	3	1	CLBLM_R.SLICEM_X0.ALUT.SRL
210	65	17	16	3127	16	1	CLBLM_R.SLICEM_X0.BLUT.SRL
210	72	14	133	3008	133	1	CLBLM_R.SLICEM_X0.CLUT.SRL
211	48	16	0	3133	0	0	CLBLM_R.SLICEM_X0.ALUT.RAM
244	10	24	0	3133	0	0	CLBLM_R.SLICEM_X0.BLUT.SMALL
244	16	24	0	3133	0	0	CLBLM_R.SLICEM_X0.BLUT.SMALL
244	19	8	0	3133	0	0	CLBLM_R.SLICEM_X0.WA7USED
244	20	28	0	3133	0	0	CLBLM_R.SLICEM_X0.CLUT.SMALL
244	34	4	0	3133	0	0	CLBLM_R.SLICEM_X0.ALUT.SMALL
244	55	4	0	3133	0	0	CLBLM_R.SLICEM_X0.ALUT.SMALL
244	63	4	0	3133	0	0	CLBLM_R.SLICEM_X0.ALUT.SMALL
245	21	27	0	3133	0	0	CLBLM_R.SLICEM_X0.DLUT.SMALL
245	68	27	0	3133	0	0	CLBLM_R.SLICEM_X0.DLUT.SMALL
274	3	15	0	3133	0	0	CLBLM_R.SLICEM_X0.DLUT.SRL
274	15	15	0	3133	0	0	CLBLM_R.SLICEM_X0.DLUT.SRL
274	40	17	1	3134	1	1	CLBLM_R.SLICEM_X0.BLUT.SRL
275	2	17	0	3133	0	0	CLBLM_R.SLICEM_X0.BLUT.RAM
275	4	17	0	3133	0	0	CLBLM_R.SLICEM_X0.BLUT.RAM
275	39	15	32	3138	34	1	CLBLM_R.SLICEM_X0.DLUT.RAM
275	53	16	0	3133	0	0	CLBLM_R.SLICEM_X0.ALUT.RAM
275	61	16	0	3133	0	0	CLBLM_R.SLICEM_X0.ALUT.RAM
280	18	4	0	3133	0	0	CLBLM_L.SLICEM_X0.ALUT.SMALL
280	56	8	0	3133	0	0	CLBLM_L.SLICEM_X0.WA7USED
280	59	28	0	3133	0	0	CLBLM_L.SLICEM_X0.CLUT.SMALL
310	17	15	1	3132	1	1	CLBLM_L.SLICEM_X0.DLUT.SRL
310	30	17	2	3134	2	1	CLBLM_L.SLICEM_X0.BLUT.SRL
310	46	16	9	3135	9	1	CLBLM_L.SLICEM_X0.ALUT.SRL
311	11	14	0	3133	0	0	CLBLM_L.SLICEM_X0.CLUT.RAM
311	16	17	0	3133	0	0	CLBLM_L.SLICEM_X0.BLUT.RAM
311	32	16	0	3133	0	0	CLBLM_L.SLICEM_X0.ALUT.RAM
311	34	16	0	3133	0	0	CLBLM_L.SLICEM_X0.ALUT.RAM
311	42	16	0	3133	0	0	CLBLM_L.SLICEM_X0.ALUT.RAM
311	48	17	0	3133	0	0	CLBLM_L.SLICEM_X0.BLUT.RAM
344	30	4	0	3133	0	0	CLBLM_L.SLICEM_X0.ALUT.SMALL
344	38	24	0	3133	0	0	CLBLM_L.SLICEM_X0.BLUT.SMALL
344	42	4	0	3133	0	0	CLBLM_L.SLICEM_X0.ALUT.SMALL
344	65	28	0	3133	0	0	CLBLM_L.SLICEM_X0.CLUT.SMALL
345	16	23	0	3133	0	0	CLBLM_L.SLICEM_X0.WEMUX.CE
374	56	15	2	3133	1	1	CLBLM_L.SLICEM_X0.DLUT.SRL
374	61	16	11	3131	11	1	CLBLM_L.SLICEM_X0.ALUT.SRL
375	29	14	0	3133	0	0	CLBLM_L.SLICEM_X0.CLUT.RAM
375	42	16	0	3133	0	0	CLBLM_L.SLICEM_X0.ALUT.RAM
375	43	15	0	3133	0	0	CLBLM_L.SLICEM_X0.DLUT.RAM
375	44	17	0	3133	0	0	CLBLM_L.SLICEM_X0.BLUT.RAM
375	60	15	6	3132	5	1	CLBLM_L.SLICEM_X0.DLUT.RAM
380	53	4	0	3133	0	0	CLBLM_R.SLICEM_X0.ALUT.SMALL
381	29	27	0	3133	0	0	CLBLM_R.SLICEM_X0.DLUT.SMALL
381	65	27	0	3133	0	0	CLBLM_R.SLICEM_X0.WA8USED
410	20	16	1	3133	1	1	CLBLM_R.SLICEM_X0.ALUT.SRL
410	35	14	9	3134	9	1	CLBLM_R.SLICEM_X0.CLUT.SRL
410	38	17	7	3132	7	1	CLBLM_R.SLICEM_X0.BLUT.SRL
410	51	17	2	3134	2	1	CLBLM_R.SLICEM_X0.BLUT.SRL
410	52	14	2	3135	2	1	CLBLM_R.SLICEM_X0.CLUT.SRL
410	62	14	24	3130	24	1	CLBLM_R.SLICEM_X0.CLUT.SRL
410	66	14	50	3120	50	1	CLBLM_R.SLICEM_X0.CLUT.SRL
411	13	14	0	3133	0	0	CLBLM_R.SLICEM_X0.CLUT.RAM
411	28	17	0	3133	0	0	CLBLM_R.SLICEM_X0.BLUT.RAM
411	29	14	0	3133	0	0	CLBLM_R.SLICEM_X0.CLUT.RAM
411	32	17	0	3133	0	0	CLBLM_R.SLICEM_X0.BLUT.RAM
411	38	16	0	3133	0	0	CLBLM_R.SLICEM_X0.ALUT.RAM
416	14	28	0	3133	0	0	CLBLM_L.SLICEM_X0.CLUT.SMALL
416	64	8	0	3133	0	0	CLBLM_L.SLICEM_X0.WA7USED
417	15	27	0	3133	0	0	CLBLM_L.SLICEM_X0.DLUT.SMALL
446	30	16	2	3134	2	1	CLBLM_L.SLICEM_X0.ALUT.SRL
446	32	16	6	3132	6	1	CLBLM_L.SLICEM_X0.ALUT.SRL
446	33	15	19	3138	19	1	CLBLM_L.SLICEM_X0.DLUT.SRL
446	40	17	4	3136	4	1	CLBLM_L.SLICEM_X0.BLUT.SRL
446	53	16	4	3134	4	1	CLBLM_L.SLICEM_X0.ALUT.SRL
447	37	14	0	3133	0	0	CLBLM_L.SLICEM_X0.CLUT.RAM
447	45	15	21	3139	23	1	CLBLM_L.SLICEM_X0.DLUT.RAM
447	49	14	0	3133	0	0	CLBLM_L.SLICEM_X0.CLUT.RAM
452	34	28	0	3133	0	0	CLBLM_R.SLICEM_X0.CLUT.SMALL
452	38	4	0	3133	0	0	CLBLM_R.SLICEM_X0.ALUT.SMALL
452	67	28	0	3133	0	0	CLBLM_R.SLICEM_X0.CLUT.SMALL
452	69	24	0	3133	0	0	CLBLM_R.SLICEM_X0.BLUT.SMALL
453	33	27	0	3133	0	0	CLBLM_R.SLICEM_X0.DLUT.SMALL
453	63	27	0	3133	0	0	CLBLM_R.SLICEM_X0.WA8USED
482	55	16	10	3132	10	1	CLBLM_R.SLICEM_X0.ALUT.SRL
482	58	15	1	3132	0	0	CLBLM_R.SLICEM_X0.DLUT.SRL
483	15	15	0	3133	0	0	CLBLM_R.SLICEM_X0.DLUT.RAM
483	21	14	0	3133	0	0	CLBLM_R.SLICEM_X0.CLUT.RAM
483	26	16	0	3133	0	0	CLBLM_R.SLICEM_X0.ALUT.RAM
483	33	14	0	3133	0	0	CLBLM_R.SLICEM_X0.CLUT.RAM
483	37	14	0	3133	0	0	CLBLM_R.SLICEM_X0.CLUT.RAM
483	52	14	0	3133	0	0	CLBLM_R.SLICEM_X0.CLUT.RAM
483	56	14	0	3133	0	0	CLBLM_R.SLICEM_X0.CLUT.RAM
483	67	17	0	3133	0	0	CLBLM_R.SLICEM_X0.BLUT.RAM
516	2	4	0	3133	0	0	CLBLM_R.SLICEM_X0.ALUT.SMALL
517	36	27	0	3133	0	0	CLBLM_R.SLICEM_X0.WA8USED
517	69	23	0	3133	0	0	CLBLM_R.SLICEM_X0.WEMUX.CE
546	16	16	4	3131	4	1	CLBLM_R.SLICEM_X0.ALUT.SRL
546	19	15	0	3133	0	0	CLBLM_R.SLICEM_X0.DLUT.SRL
546	24	16	13	3140	13	1	CLBLM_R.SLICEM_X0.ALUT.SRL
546	27	14	6	3135	6	1	CLBLM_R.SLICEM_X0.CLUT.SRL
546	45	14	3	3134	3	1	CLBLM_R.SLICEM_X0.CLUT.SRL
546	61	17	3	3134	3	1	CLBLM_R.SLICEM_X0.BLUT.SRL
546	67	17	3	3132	3	1	CLBLM_R.SLICEM_X0.BLUT.SRL
546	69	17	9	3129	9	1	CLBLM_R.SLICEM_X0.BLUT.SRL
547	19	15	0	3133	0	0	CLBLM_R.SLICEM_X0.DLUT.RAM
547	32	17	0	3133	0	0	CLBLM_R.SLICEM_X0.BLUT.RAM
547	57	17	0	3133	0	0	CLBLM_R.SLICEM_X0.BLUT.RAM
547	66	15	19	3133	25	1	CLBLM_R.SLICEM_X0.DLUT.RAM
547	69	16	2	3132	2	1	CLBLM_R.SLICEM_X0.ALUT.RAM
552	16	24	0	3133	0	0	CLBLM_L.SLICEM_X0.BLUT.SMALL
552	55	28	0	3133	0	0	CLBLM_L.SLICEM_X0.CLUT.SMALL
552	56	8	0	3133	0	0	CLBLM_L.SLICEM_X0.WA7USED
552	63	4	0	3133	0	0	CLBLM_L.SLICEM_X0.ALUT.SMALL
553	23	27	0	3133	0	0	CLBLM_L.SLICEM_X0.DLUT.SMALL
553	38	27	0	3133	0	0	CLBLM_L.SLICEM_X0.WA8USED
553	47	27	0	3133	0	0	CLBLM_L.SLICEM_X0.DLUT.SMALL
553	62	27	0	3133	0	0	CLBLM_L.SLICEM_X0.DLUT.SMALL
582	18	16	7	3130	7	1	CLBLM_L.SLICEM_X0.ALUT.SRL
582	31	15	0	3133	0	0	CLBLM_L.SLICEM_X0.DLUT.SRL
582	66	14	0	3133	0	0	CLBLM_L.SLICEM_X0.CLUT.SRL
583	41	14	0	3133	0	0	CLBLM_L.SLICEM_X0.CLUT.RAM
583	57	17	0	3133	0	0	CLBLM_L.SLICEM_X0.BLUT.RAM
583	58	14	0	3133	0	0	CLBLM_L.SLICEM_X0.CLUT.RAM
896	24	4	0	3133	0	0	CLBLM_L.SLICEM_X0.ALUT.SMALL
896	29	8	0	3133	0	0	CLBLM_L.SLICEM_X0.WA7USED
896	30	28	0	3133	0	0	CLBLM_L.SLICEM_X0.CLUT.SMALL
896	38	28	0	3133	0	0	CLBLM_L.SLICEM_X0.CLUT.SMALL
896	46	4	0	3133	0	0	CLBLM_L.SLICEM_X0.ALUT.SMALL
896	46	28	0	3133	0	0	CLBLM_L.SLICEM_X0.CLUT.SMALL
896	51	28	0	3133	0	0	CLBLM_L.SLICEM_X0.CLUT.SMALL
897	20	23	0	3133	0	0	CLBLM_L.SLICEM_X0.WEMUX.CE
897	42	27	0	3133	0	0	CLBLM_L.SLICEM_X0.WA8USED
926	30	17	6	3134	6	1	CLBLM_L.SLICEM_X0.BLUT.SRL
926	32	16	52	3138	52	1	CLBLM_L.SLICEM_X0.ALUT.SRL
926	35	15	3174	835	3174	1	CLBLM_L.SLICEM_X0.DLUT.SRL
926	37	15	98	3133	110	1	CLBLM_L.SLICEM_X0.DLUT.SRL
926	53	17	11	3134	11	1	CLBLM_L.SLICEM_X0.BLUT.SRL
926	68	15	0	3133	0	0	CLBLM_L.SLICEM_X0.DLUT.SRL
927	47	14	0	3133	0	0	CLBLM_L.SLICEM_X0.CLUT.RAM
